# File: FBS_treemap.csv,,,,,,,,
# Title: Mapping of SUA items to aggregated primary commodity equivalent products by level of nestings,,,,,,,,
# Units: NA,,,,,,,,
# Description:  Data is compiled and generated by gcamfaostat.,,,,,,,,
# Data source: FAOSTAT (main domain:NA FAO.udpate:),,,,,,,,
# Date of CSV last update: 2024-12-12,,,,,,,,
# Column types: ccicici,,,,,,,,
# ----------,,,,,,,,
LivestockCrop,Food,aggregated_PCe_item,PCe_item,nest_level,source_item,source_item_code,sink_item,sink_item_code
Crop,Cereal grains,Wheat and products,Wheat,1,Wheat,15,"Food preparations of flour, meal or malt extract",115
Crop,Cereal grains,Wheat and products,Wheat,1,Wheat,15,Bulgur,21
Crop,Cereal grains,Wheat and products,Wheat,1,Wheat,15,Breakfast cereals,41
Crop,Cereal grains,Wheat and products,Wheat,1,Wheat,15,Bran of wheat,17
Crop,Cereal grains,Wheat and products,Wheat,1,Wheat,15,Germ of wheat,19
Crop,Cereal grains,Wheat and products,Wheat,1,Wheat,15,Wheat and meslin flour,16
Crop,Cereal grains,Wheat and products,Wheat,2,Wheat and meslin flour,16,Wheat gluten,24
Crop,Cereal grains,Wheat and products,Wheat,2,Wheat and meslin flour,16,Starch of wheat,23
Crop,Cereal grains,Wheat and products,Wheat,2,Wheat and meslin flour,16,Bread,20
Crop,Cereal grains,Wheat and products,Wheat,2,Wheat and meslin flour,16,Pastry,22
Crop,Cereal grains,Wheat and products,Wheat,2,Wheat and meslin flour,16,"Uncooked pasta, not stuffed or otherwise prepared",18
Crop,Cereal grains,Wheat and products,Wheat,2,Wheat and meslin flour,16,"Communion wafers, empty cachets of a kind suitable for pharmaceutical use, sealing wafers, rice paper and similar products.",110
Crop,Cereal grains,Wheat and products,Wheat,2,Wheat and meslin flour,16,Mixes and doughs for the preparation of bakers wares,114
Crop,Cereal grains,Rice and products,Rice,1,Rice,27,"Rice, milled",31
Crop,Cereal grains,Rice and products,Rice,1,Rice,27,Husked rice,28
Crop,Cereal grains,Rice and products,Rice,1,Rice,27,Bran of rice,35
Crop,Cereal grains,Rice and products,Rice,2,Husked rice,28,"Rice, milled (husked)",29
Crop,Cereal grains,Rice and products,Rice,3,"Rice, milled",31,"Rice, broken",32
Crop,Cereal grains,Rice and products,Rice,4,"Rice, broken",32,Flour of rice,38
Crop,Cereal grains,Rice and products,Rice,4,"Rice, broken",32,Starch of rice,34
Crop,Cereal grains,Rice and products,Rice,4,"Rice, broken",32,"Rice, gluten",33
Crop,Cereal grains,Rice and products,Rice,5,Bran of rice,35,Oil of rice bran,36
Crop,Cereal grains,Rice and products,Rice,5,Bran of rice,35,Cake of rice bran,37
Crop,Cereal grains,Maize and products,Corn,1,Maize (corn),56,Flour of maize,58
Crop,Cereal grains,Maize and products,Corn,1,Maize (corn),56,Germ of maize,57
Crop,Cereal grains,Maize and products,Corn,1,Maize (corn),56,Bran of maize,59
Crop,Cereal grains,Maize and products,Corn,2,Flour of maize,58,Starch of maize,64
Crop,Cereal grains,Maize and products,Corn,2,Flour of maize,58,Maize gluten,63
Crop,Cereal grains,Maize and products,Corn,3,Bran of maize,59,Gluten feed and meal,846
Crop,Cereal grains,Maize and products,Corn,3,Maize gluten,63,Gluten feed and meal,846
Crop,Cereal grains,Maize and products,Corn,4,Germ of maize,57,Oil of maize,60
Crop,Cereal grains,Maize and products,Corn,4,Germ of maize,57,Cake of maize,61
Crop,Cereal grains,Barley and products,Barley,1,Barley,44,Pot barley,45
Crop,Cereal grains,Barley and products,Barley,1,Barley,44,Bran of barley,47
Crop,Cereal grains,Barley and products,Barley,1,Barley,44,"Malt, whether or not roasted",49
Crop,Cereal grains,Barley and products,Barley,2,Pot barley,45,"Barley, pearled",46
Crop,Cereal grains,Barley and products,Barley,2,Pot barley,45,Barley flour and grits,48
Crop,Cereal grains,Barley and products,Barley,3,"Malt, whether or not roasted",49,"Beer of barley, malted",51
Crop,Cereal grains,Barley and products,Barley,3,"Malt, whether or not roasted",49,Malt extract,50
Crop,Cereal grains,Millet and products,Millet,1,Millet,79,Flour of millet,80
Crop,Cereal grains,Millet and products,Millet,1,Millet,79,Bran of millet,81
Crop,Cereal grains,Rye and products,Rye,1,Rye,71,Flour of rye,72
Crop,Cereal grains,Rye and products,Rye,1,Rye,71,Bran of rye,73
Crop,Cereal grains,Oats and products,Oats,1,Oats,75,"Oats, rolled",76
Crop,Cereal grains,Oats and products,Oats,1,Oats,75,Bran of oats,77
Crop,Cereal grains,Sorghum and products,Sorghum,1,Sorghum,83,Flour of sorghum,84
Crop,Cereal grains,Sorghum and products,Sorghum,1,Sorghum,83,Bran of sorghum,85
Crop,Cereal grains,Other cereals and products,CerealsNES,0,Quinoa,92,Quinoa,92
Crop,Cereal grains,Other cereals and products,CerealsNES,0,Canary seed,101,Canary seed,101
Crop,Cereal grains,Other cereals and products,CerealsNES,1,Buckwheat,89,Flour of buckwheat,90
Crop,Cereal grains,Other cereals and products,CerealsNES,1,Buckwheat,89,Bran of buckwheat,91
Crop,Cereal grains,Other cereals and products,CerealsNES,2,Fonio,94,Flour of fonio,95
Crop,Cereal grains,Other cereals and products,CerealsNES,2,Fonio,94,Bran of fonio,96
Crop,Cereal grains,Other cereals and products,CerealsNES,3,Triticale,97,Flour of triticale,98
Crop,Cereal grains,Other cereals and products,CerealsNES,3,Triticale,97,Bran of triticale,99
Crop,Cereal grains,Other cereals and products,CerealsNES,4,Mixed grain,103,Flour of mixed grain,104
Crop,Cereal grains,Other cereals and products,CerealsNES,4,Mixed grain,103,Bran of mixed grain,105
Crop,Cereal grains,Other cereals and products,CerealsNES,5,Cereals n.e.c.,108,Flour of cereals n.e.c.,111
Crop,Cereal grains,Other cereals and products,CerealsNES,5,Cereals n.e.c.,108,Bran of cereals n.e.c.,112
Crop,Cereal grains,Other cereals and products,CerealsNES,5,Cereals n.e.c.,108,Cereal preparations,113
Crop,Oilseed,Soyabeans and products,Soybean,1,Soya beans,236,Soya bean oil,237
Crop,Oilseed,Soyabeans and products,Soybean,1,Soya beans,236,Cake of  soya beans,238
Crop,Oilseed,Soyabeans and products,Soybean,1,Soya beans,236,Soya sauce,239
Crop,Oilseed,Soyabeans and products,Soybean,1,Soya beans,236,Soya paste,240
Crop,Oilseed,Soyabeans and products,Soybean,1,Soya beans,236,Soya curd,241
Crop,Oilseed,Palm fruit and products,OilPalm,1,Oil palm fruit,254,Palm oil,257
Crop,Oilseed,Palm fruit and products,OilPalm,1,Oil palm fruit,254,Palm kernels,256
Crop,Oilseed,Palm fruit and products,OilPalm,2,Palm kernels,256,Oil of palm kernel,258
Crop,Oilseed,Palm fruit and products,OilPalm,2,Palm kernels,256,Cake of palm kernel,259
Crop,Oilseed,Sunflower seed and products,Sunflower seed,1,Sunflower seed,267,"Sunflower-seed oil, crude",268
Crop,Oilseed,Sunflower seed and products,Sunflower seed,1,Sunflower seed,267,Cake of sunflower seed,269
Crop,Oilseed,"Rapeseed, mustard seed and products",Rapeseed,1,Rape or colza seed,270,"Rapeseed or canola oil, crude",271
Crop,Oilseed,"Rapeseed, mustard seed and products",Rapeseed,1,Rape or colza seed,270,Cake of rapeseed,272
Crop,Oilseed,"Rapeseed, mustard seed and products",Mustard seed,1,Mustard seed,292,"Mustard seed oil, crude",293
Crop,Oilseed,"Rapeseed, mustard seed and products",Mustard seed,1,Mustard seed,292,Flour of mustard seed,295
Crop,Oilseed,"Rapeseed, mustard seed and products",Mustard seed,1,Mustard seed,292,Cake of mustard seed,294
Crop,Oilseed,Coconuts and products,Coconuts,1,"Coconuts, in shell",249,Copra,251
Crop,Oilseed,Coconuts and products,Coconuts,1,"Coconuts, in shell",249,"Coconuts, desiccated",250
Crop,Oilseed,Coconuts and products,Coconuts,1,"Coconuts, in shell",249,"Coir, raw",813
Crop,Oilseed,Coconuts and products,Coconuts,2,Copra,251,Coconut oil,252
Crop,Oilseed,Coconuts and products,Coconuts,2,Copra,251,Cake of copra,253
Crop,Oilseed,Sesame seed and products,Sesame seed,1,Sesame seed,289,Oil of sesame seed,290
Crop,Oilseed,Sesame seed and products,Sesame seed,1,Sesame seed,289,Cake of sesame seed,291
Crop,Oilseed,Olives and products,Olives,1,Olives,260,Olives preserved,262
Crop,Oilseed,Olives and products,Olives,1,Olives,260,Olive oil,261
Crop,Oilseed,Olives and products,Olives,1,Olives,260,Oil of olive residues,274
Crop,Oilseed,Olives and products,Olives,1,Olives,260,"Cake, olive residues",2740000
Crop,Oilseed,Other oil crops and products,Linseed,1,Linseed,333,Oil of linseed,334
Crop,Oilseed,Other oil crops and products,Linseed,1,Linseed,333,Cake of  linseed,335
Crop,Oilseed,Other oil crops and products,Castor oil seed,1,Castor oil seeds,265,Oil of castor beans,266
Crop,Oilseed,Other oil crops and products,Castor oil seed,2,Oil of castor beans,266,"Castor oil, hydrogenated",1273
Crop,Oilseed,Other oil crops and products,Tallowtree seed,1,Tallowtree seeds,305,Vegetable tallow,306
Crop,Oilseed,Other oil crops and products,Karite nuts (sheanuts),1,Karite nuts (sheanuts),263,Butter of karite nuts,264
Crop,Oilseed,Other oil crops and products,Kapok fruit,1,Kapok fruit,310,Kapokseed in shell,311
Crop,Oilseed,Other oil crops and products,Kapok fruit,1,Kapok fruit,310,"Kapok fibre, raw",778
Crop,Oilseed,Other oil crops and products,Kapok fruit,2,Kapokseed in shell,311,"Kapokseed, shelled",312
Crop,Oilseed,Other oil crops and products,Kapok fruit,3,"Kapokseed, shelled",312,Oil of kapok,313
Crop,Oilseed,Other oil crops and products,Kapok fruit,3,"Kapokseed, shelled",312,Cake of kapok,314
Crop,Oilseed,Other oil crops and products,OilCropNES,0,Melonseed,299,Melonseed,299
Crop,Oilseed,Other oil crops and products,OilCropNES,1,Safflower seed,280,"Safflower-seed oil, crude",281
Crop,Oilseed,Other oil crops and products,OilCropNES,1,Safflower seed,280,Cake of safflowerseed,282
Crop,Oilseed,Other oil crops and products,OilCropNES,2,Jojoba seeds,277,Jojoba oil,278
Crop,Oilseed,Other oil crops and products,OilCropNES,2,Jojoba seeds,277,"Cake, jojoba",2780000
Crop,Oilseed,Other oil crops and products,OilCropNES,3,Poppy seed,296,Oil of poppy seed,297
Crop,Oilseed,Other oil crops and products,OilCropNES,3,Poppy seed,296,"Cake, poppy seed",298
Crop,Oilseed,Other oil crops and products,OilCropNES,4,Hempseed,336,Oil of hempseed,337
Crop,Oilseed,Other oil crops and products,OilCropNES,4,Hempseed,336,Cake of hempseed,338
Crop,Oilseed,Other oil crops and products,OilCropNES,5,"Other oil seeds, n.e.c.",339,"Other oil of vegetable origin, crude n.e.c.",340
Crop,Oilseed,Other oil crops and products,OilCropNES,5,"Other oil seeds, n.e.c.",339,"Cake, vegetable origin nes",3400000
Crop,Oilseed,Other oil crops and products,OilCropNES,5,"Other oil seeds, n.e.c.",339,"Flours and meals of oil seeds or oleaginous fruits, except those of mustard",343
Crop,Oilseed,Other oil crops and products,OilCropNES,6,Tung nuts,275,Oil of tung nuts,276
Crop,Oilseed,Seed cotton and products,Seed cotton,1,"Seed cotton, unginned",328,Cotton seed,329
Crop,Oilseed,Seed cotton and products,Seed cotton,1,"Seed cotton, unginned",328,"Cotton lint, ginned",767
Crop,Oilseed,Seed cotton and products,Seed cotton,2,Cotton seed,329,Cottonseed oil,331
Crop,Oilseed,Seed cotton and products,Seed cotton,2,Cotton seed,329,Cake of cottonseed,332
Crop,Oilseed,Seed cotton and products,Seed cotton,2,Cotton seed,329,"Fiber, cottonseed",3320000
Crop,Oilseed,Other fiber crops and products,FiberCropNES,0,"Agave fibres, raw, n.e.c.",800,"Agave fibres, raw, n.e.c.",800
Crop,Oilseed,Other fiber crops and products,FiberCropNES,0,"Kenaf, and other textile bast fibres, raw or retted",782,"Kenaf, and other textile bast fibres, raw or retted",782
Crop,Oilseed,Other fiber crops and products,FiberCropNES,0,"Other fibre crops, raw, n.e.c.",821,"Other fibre crops, raw, n.e.c.",821
Crop,Oilseed,Other fiber crops and products,FiberCropNES,0,"Flax, raw or retted",771,"Flax, raw or retted",771
Crop,Oilseed,Other fiber crops and products,FiberCropNES,0,"True hemp, raw or retted",777,"True hemp, raw or retted",777
Crop,Oilseed,Other fiber crops and products,FiberCropNES,0,"Jute, raw or retted",780,"Jute, raw or retted",780
Crop,Oilseed,Other fiber crops and products,FiberCropNES,0,"Abaca, manila hemp, raw",809,"Abaca, manila hemp, raw",809
Crop,Oilseed,Other fiber crops and products,FiberCropNES,0,"Ramie, raw or retted",788,"Ramie, raw or retted",788
Crop,Oilseed,Other fiber crops and products,FiberCropNES,0,"Sisal, raw",789,"Sisal, raw",789
Crop,Other crop,Groundnuts and products,"Groundnuts, with shell",1,"Groundnuts, excluding shelled",242,"Groundnuts, shelled",243
Crop,Other crop,Groundnuts and products,"Groundnuts, with shell",2,"Groundnuts, shelled",243,Cake of groundnuts,245
Crop,Other crop,Groundnuts and products,"Groundnuts, with shell",2,"Groundnuts, shelled",243,Prepared groundnuts,246
Crop,Other crop,Groundnuts and products,"Groundnuts, with shell",2,"Groundnuts, shelled",243,Peanut butter,247
Crop,Other crop,Groundnuts and products,"Groundnuts, with shell",2,"Groundnuts, shelled",243,Groundnut oil,244
Crop,Other crop,Nuts and products,NutsSeedsNES,0,"Chestnuts, in shell",220,"Chestnuts, in shell",220
Crop,Other crop,Nuts and products,NutsSeedsNES,0,Areca nuts,226,Areca nuts,226
Crop,Other crop,Nuts and products,NutsSeedsNES,0,Kola nuts,224,Kola nuts,224
Crop,Other crop,Nuts and products,NutsSeedsNES,1,"Brazil nuts, in shell",216,"Brazil nuts, shelled",229
Crop,Other crop,Nuts and products,NutsSeedsNES,2,"Walnuts, in shell",222,"Walnuts, shelled",232
Crop,Other crop,Nuts and products,NutsSeedsNES,3,"Cashew nuts, in shell",217,"Cashew nuts, shelled",230
Crop,Other crop,Nuts and products,NutsSeedsNES,4,"Almonds, in shell",221,"Almonds, shelled",231
Crop,Other crop,Nuts and products,NutsSeedsNES,5,"Hazelnuts, in shell",225,"Hazelnuts, shelled",233
Crop,Other crop,Nuts and products,NutsSeedsNES,6,"Brazil nuts, shelled",229,Prepared nuts,235
Crop,Other crop,Nuts and products,NutsSeedsNES,6,"Walnuts, shelled",232,Prepared nuts,235
Crop,Other crop,Nuts and products,NutsSeedsNES,6,"Cashew nuts, shelled",230,Prepared nuts,235
Crop,Other crop,Nuts and products,NutsSeedsNES,6,"Other nuts (excluding wild edible nuts and groundnuts), in shell, n.e.c.",234,Prepared nuts,235
Crop,Other crop,Nuts and products,NutsSeedsNES,6,"Pistachios, in shell",223,Prepared nuts,235
Crop,Other crop,Nuts and products,NutsSeedsNES,6,"Almonds, shelled",231,Prepared nuts,235
Crop,Other crop,Nuts and products,NutsSeedsNES,6,"Hazelnuts, shelled",233,Prepared nuts,235
Crop,Other crop,Other pulses and products,Legumes,1,"Beans, dry",176,Flour of pulses,212
Crop,Other crop,Other pulses and products,Legumes,1,"Peas, dry",187,Flour of pulses,212
Crop,Other crop,Other pulses and products,Legumes,1,"Broad beans and horse beans, dry",181,Flour of pulses,212
Crop,Other crop,Other pulses and products,Legumes,1,"Chick peas, dry",191,Flour of pulses,212
Crop,Other crop,Other pulses and products,Legumes,1,"Lentils, dry",201,Flour of pulses,212
Crop,Other crop,Other pulses and products,Legumes,1,"Cow peas, dry",195,Flour of pulses,212
Crop,Other crop,Other pulses and products,Legumes,1,"Pigeon peas, dry",197,Bran of pulses,213
Crop,Other crop,Other pulses and products,Legumes,1,"Bambara beans, dry",203,Bran of pulses,213
Crop,Other crop,Other pulses and products,Legumes,1,Vetches,205,Bran of pulses,213
Crop,Other crop,Other pulses and products,Legumes,1,Lupins,210,Bran of pulses,213
Crop,Other crop,Other pulses and products,Legumes,1,Other pulses n.e.c.,211,Bran of pulses,213
Crop,Root and tuber,Potatoes and products,Potatoes,1,Potatoes,116,"Potatoes, frozen",118
Crop,Root and tuber,Potatoes and products,Potatoes,1,Potatoes,116,"Flour, meal, powder, flakes, granules and pellets of potatoes",117
Crop,Root and tuber,Potatoes and products,Potatoes,1,Potatoes,116,Starch of potatoes,119
Crop,Root and tuber,Potatoes and products,Potatoes,1,Potatoes,116,Tapioca of potatoes,121
Crop,Root and tuber,Cassava and products,Cassava,1,"Cassava, fresh",125,"Cassava, dry",128
Crop,Root and tuber,Cassava and products,Cassava,1,"Cassava, fresh",125,Flour of cassava,126
Crop,Root and tuber,Cassava and products,Cassava,1,"Cassava, fresh",125,Starch of cassava,129
Crop,Root and tuber,Cassava and products,Cassava,1,"Cassava, fresh",125,Tapioca of cassava,127
Crop,Root and tuber,Sweet potatoes and products,Sweet potatoes,0,Sweet potatoes,122,Sweet potatoes,122
Crop,Root and tuber,Yams and products,Yams,0,Yams,137,Yams,137
Crop,Root and tuber,Other roots and products,Roots and tubers nes,0,Taro,136,Taro,136
Crop,Root and tuber,Other roots and products,Roots and tubers nes,0,Yautia,135,Yautia,135
Crop,Root and tuber,Other roots and products,Roots and tubers nes,1,"Edible roots and tubers with high starch or inulin content, n.e.c., fresh",149,"Edible roots and tubers with high starch or inulin content, n.e.c., dry",151
Crop,Root and tuber,Other roots and products,Roots and tubers nes,1,"Edible roots and tubers with high starch or inulin content, n.e.c., fresh",149,Flour of roots and tubers n.e.c.,150
Crop,Sugar,Sugar crop and products,SugarCrop,1,Sugar cane,156,"Cane sugar, non-centrifugal",163
Crop,Sugar,Sugar crop and products,SugarCrop,1,Sugar cane,156,Raw cane or beet sugar (centrifugal only),162
Crop,Sugar,Sugar crop and products,SugarCrop,1,Sugar cane,156,Molasses,165
Crop,Sugar,Sugar crop and products,SugarCrop,1,Sugar beet,157,"Cane sugar, non-centrifugal",163
Crop,Sugar,Sugar crop and products,SugarCrop,1,Sugar beet,157,Raw cane or beet sugar (centrifugal only),162
Crop,Sugar,Sugar crop and products,SugarCrop,1,Sugar beet,157,Molasses,165
Crop,Sugar,Sugar crop and products,SugarCrop,1,Other sugar crops n.e.c.,161,"Cane sugar, non-centrifugal",163
Crop,Sugar,Sugar crop and products,SugarCrop,1,Other sugar crops n.e.c.,161,Raw cane or beet sugar (centrifugal only),162
Crop,Sugar,Sugar crop and products,SugarCrop,1,Other sugar crops n.e.c.,161,Molasses,165
Crop,Sugar,Sugar crop and products,SugarCrop,2,Raw cane or beet sugar (centrifugal only),162,Refined sugar,164
Crop,Sugar,Sugar crop and products,SugarCrop,3,Refined sugar,164,Sugar confectionery,168
Crop,Sugar,Sugar crop and products,SugarCrop,3,Refined sugar,164,Sugar and syrups n.e.c.,167
Crop,Vegetable and fruit,Tomatoes and products,Tomatoes,1,Tomatoes,388,Tomato juice,390
Crop,Vegetable and fruit,Tomatoes and products,Tomatoes,1,Tomatoes,388,Paste of tomatoes,391
Crop,Vegetable and fruit,Tomatoes and products,Tomatoes,1,Tomatoes,388,"Tomatoes, peeled (o/t vinegar)",392
Crop,Vegetable and fruit,Other vegetables and products,"Maize, green",1,Green corn (maize),446,"Sweet corn, frozen",447
Crop,Vegetable and fruit,Other vegetables and products,"Maize, green",1,Green corn (maize),446,"Sweet corn, prepared or preserved",448
Crop,Vegetable and fruit,Other vegetables and products,Mushrooms and truffles,1,Mushrooms and truffles,449,Dried mushrooms,450
Crop,Vegetable and fruit,Other vegetables and products,Mushrooms and truffles,1,Mushrooms and truffles,449,Canned mushrooms,451
Crop,Vegetable and fruit,Other vegetables and products,VegetablesNES,0,Lettuce and chicory,372,Lettuce and chicory,372
Crop,Vegetable and fruit,Other vegetables and products,VegetablesNES,0,Cassava leaves,378,Cassava leaves,378
Crop,Vegetable and fruit,Other vegetables and products,VegetablesNES,1,"Chillies and peppers, dry (Capsicum spp., Pimenta spp.), raw",689,Other vegetable juices,466
Crop,Vegetable and fruit,Other vegetables and products,VegetablesNES,1,"Onions and shallots, dry (excluding dehydrated)",403,"Vegetables, pulses and potatoes, preserved by vinegar or acetic acid",471
Crop,Vegetable and fruit,Other vegetables and products,VegetablesNES,1,"Onions and shallots, green",402,"Vegetables, dehydrated",469
Crop,Vegetable and fruit,Other vegetables and products,VegetablesNES,1,Asparagus,367,Other vegetables provisionally preserved,474
Crop,Vegetable and fruit,Other vegetables and products,VegetablesNES,1,Cabbages,358,Coffee substitutes,658
Crop,Vegetable and fruit,Other vegetables and products,VegetablesNES,1,Cauliflowers and broccoli,393,Homogenized vegetable preparations,476
Crop,Vegetable and fruit,Other vegetables and products,VegetablesNES,1,Spinach,373,Vegetables preserved nes (o/t vinegar),472
Crop,Vegetable and fruit,Other vegetables and products,VegetablesNES,1,Artichokes,366,Vegetables frozen,473
Crop,Vegetable and fruit,Other vegetables and products,VegetablesNES,1,Watermelons,567,Vegetables preserved (frozen),475
Crop,Vegetable and fruit,Other vegetables and products,VegetablesNES,1,Cantaloupes and other melons,568,Vegetables preserved (frozen),475
Crop,Vegetable and fruit,Other vegetables and products,VegetablesNES,1,"Chillies and peppers, green (Capsicum spp. and Pimenta spp.)",401,Vegetables preserved (frozen),475
Crop,Vegetable and fruit,Other vegetables and products,VegetablesNES,1,Cucumbers and gherkins,397,Vegetables preserved (frozen),475
Crop,Vegetable and fruit,Other vegetables and products,VegetablesNES,1,Eggplants (aubergines),399,Vegetables preserved (frozen),475
Crop,Vegetable and fruit,Other vegetables and products,VegetablesNES,1,"Pumpkins, squash and gourds",394,Vegetables preserved (frozen),475
Crop,Vegetable and fruit,Other vegetables and products,VegetablesNES,1,"Peas, green",417,Vegetables preserved (frozen),475
Crop,Vegetable and fruit,Other vegetables and products,VegetablesNES,1,Carrots and turnips,426,Vegetables preserved (frozen),475
Crop,Vegetable and fruit,Other vegetables and products,VegetablesNES,1,Green garlic,406,Vegetables preserved (frozen),475
Crop,Vegetable and fruit,Other vegetables and products,VegetablesNES,1,Leeks and other alliaceous vegetables,407,Vegetables preserved (frozen),475
Crop,Vegetable and fruit,Other vegetables and products,VegetablesNES,1,Locust beans (carobs),461,Vegetables preserved (frozen),475
Crop,Vegetable and fruit,Other vegetables and products,VegetablesNES,1,Chicory roots,459,Vegetables preserved (frozen),475
Crop,Vegetable and fruit,Other vegetables and products,VegetablesNES,1,Okra,430,Vegetables preserved (frozen),475
Crop,Vegetable and fruit,Other vegetables and products,VegetablesNES,1,String beans,423,Vegetables preserved (frozen),475
Crop,Vegetable and fruit,Other vegetables and products,VegetablesNES,1,"Other beans, green",414,Vegetables preserved (frozen),475
Crop,Vegetable and fruit,Other vegetables and products,VegetablesNES,1,"Broad beans and horse beans, green",420,Vegetables preserved (frozen),475
Crop,Vegetable and fruit,Other vegetables and products,VegetablesNES,1,"Other vegetables, fresh n.e.c.",463,Vegetables preserved (frozen),475
Crop,Vegetable and fruit,"Oranges, mandarines and products",Oranges,1,Oranges,490,Orange juice,491
Crop,Vegetable and fruit,"Oranges, mandarines and products",Oranges,1,"Tangerines, mandarins, clementines",495,"Orange juice, concentrated",492
Crop,Vegetable and fruit,"Oranges, mandarines and products",Oranges,1,"Tangerines, mandarins, clementines",495,Juice of tangerine,496
Crop,Vegetable and fruit,Other citrus and products,"Fruit, citrus nes",1,"Other citrus fruit, n.e.c.",512,Juice of citrus fruit n.e.c.,513
Crop,Vegetable and fruit,Other citrus and products,"Fruit, citrus nes",1,"Other citrus fruit, n.e.c.",512,"Citrus juice, concentrated n.e.c.",514
Crop,Vegetable and fruit,"Lemons, limes and products",Lemons and limes,1,Lemons and limes,497,Juice of lemon,498
Crop,Vegetable and fruit,"Lemons, limes and products",Lemons and limes,1,Lemons and limes,497,"Lemon juice, concentrated",499
Crop,Vegetable and fruit,Grapefruit and products,Grapefruit,1,Pomelos and grapefruits,507,Grapefruit juice,509
Crop,Vegetable and fruit,Grapefruit and products,Grapefruit,1,Pomelos and grapefruits,507,"Grapefruit juice, concentrated",510
Crop,Vegetable and fruit,Bananas and products,Bananas,0,Bananas,486,Bananas,486
Crop,Vegetable and fruit,Plantains and products,Plantains and others,0,Plantains and cooking bananas,489,Plantains and cooking bananas,489
Crop,Vegetable and fruit,Dates and products,Dates,0,Dates,577,Dates,577
Crop,Vegetable and fruit,Apples and products,Apples,1,Apples,515,Apple juice,518
Crop,Vegetable and fruit,Apples and products,Apples,1,Apples,515,"Apple juice, concentrated",519
Crop,Vegetable and fruit,Pineapples and products,Pineapples,1,Pineapples,574,Pineapple juice,576
Crop,Vegetable and fruit,Pineapples and products,Pineapples,1,Pineapples,574,"Pineapples, otherwise prepared or preserved",575
Crop,Vegetable and fruit,Pineapples and products,Pineapples,1,Pineapples,574,"Juice of pineapples, concentrated",580
Crop,Vegetable and fruit,Grapes and products and products,Grapes,1,Grapes,560,Raisins,561
Crop,Vegetable and fruit,Grapes and products and products,Grapes,1,Grapes,560,Grape juice,562
Crop,Vegetable and fruit,Grapes and products and products,Grapes,1,Grapes,560,Must of grape,563
Crop,Vegetable and fruit,Other fruits and products,FruitsNES,0,Pears,521,Pears,521
Crop,Vegetable and fruit,Other fruits and products,FruitsNES,0,Papayas,600,Papayas,600
Crop,Vegetable and fruit,Other fruits and products,FruitsNES,0,Peaches and nectarines,534,Peaches and nectarines,534
Crop,Vegetable and fruit,Other fruits and products,FruitsNES,0,Avocados,572,Avocados,572
Crop,Vegetable and fruit,Other fruits and products,FruitsNES,1,Sour cherries,530,"Fruit, nuts, peel, sugar preserved",625
Crop,Vegetable and fruit,Other fruits and products,FruitsNES,1,Cherries,531,"Homogenized cooked fruit, prepared",626
Crop,Vegetable and fruit,Other fruits and products,FruitsNES,1,Strawberries,544,"Other tropical fruit, dried",604
Crop,Vegetable and fruit,Other fruits and products,FruitsNES,1,Kiwi fruit,592,"Other fruit n.e.c., dried",620
Crop,Vegetable and fruit,Other fruits and products,FruitsNES,1,Quinces,523,Juice of fruits n.e.c.,622
Crop,Vegetable and fruit,Other fruits and products,FruitsNES,1,Currants,550,Flour of fruits,624
Crop,Vegetable and fruit,Other fruits and products,FruitsNES,1,Gooseberries,549,Fruit prepared n.e.c.,623
Crop,Vegetable and fruit,Other fruits and products,FruitsNES,1,Raspberries,547,Fruit prepared n.e.c.,623
Crop,Vegetable and fruit,Other fruits and products,FruitsNES,1,Blueberries,552,Fruit prepared n.e.c.,623
Crop,Vegetable and fruit,Other fruits and products,FruitsNES,1,Cranberries,554,Fruit prepared n.e.c.,623
Crop,Vegetable and fruit,Other fruits and products,FruitsNES,1,Other berries and fruits of the genus vaccinium n.e.c.,558,Fruit prepared n.e.c.,623
Crop,Vegetable and fruit,Other fruits and products,FruitsNES,1,Persimmons,587,Fruit prepared n.e.c.,623
Crop,Vegetable and fruit,Other fruits and products,FruitsNES,1,Cashewapple,591,Fruit prepared n.e.c.,623
Crop,Vegetable and fruit,Other fruits and products,FruitsNES,1,"Other fruits, n.e.c.",619,Fruit prepared n.e.c.,623
Crop,Vegetable and fruit,Other fruits and products,FruitsNES,1,"Other tropical fruits, n.e.c.",603,Fruit prepared n.e.c.,623
Crop,Vegetable and fruit,Other fruits and products,FruitsNES,1,Other pome fruits,542,Fruit prepared n.e.c.,623
Crop,Vegetable and fruit,Other fruits and products,FruitsNES,1,Other stone fruits,541,Fruit prepared n.e.c.,623
Crop,Vegetable and fruit,Other fruits and products,FruitsNES,2,Apricots,526,"Apricots, dried",527
Crop,Vegetable and fruit,Other fruits and products,FruitsNES,2,Figs,569,"Figs, dried",570
Crop,Vegetable and fruit,Other fruits and products,FruitsNES,3,"Mangoes, guavas and mangosteens",571,Juice of mango,583
Crop,Vegetable and fruit,Other fruits and products,FruitsNES,4,Plums and sloes,536,"Plums, dried",537
Crop,Vegetable and fruit,Other fruits and products,FruitsNES,4,Plums and sloes,536,Juice of plum,538
Crop,Vegetable and fruit,Other fruits and products,FruitsNES,4,Plums and sloes,536,"Juice of plum, concentrated",539
Crop,Other crop,Coffee and products,"Coffee, green",1,"Coffee, green",656,"Coffee, decaffeinated or roasted",657
Crop,Other crop,Coffee and products,"Coffee, green",1,"Coffee, green",656,Coffee extracts,659
Crop,Other crop,Cocoa Beans and products,"Cocoa, beans",1,Cocoa beans,661,Cocoa paste not defatted,662
Crop,Other crop,Cocoa Beans and products,"Cocoa, beans",2,Cocoa paste not defatted,662,"Cocoa butter, fat and oil",664
Crop,Other crop,Cocoa Beans and products,"Cocoa, beans",2,Cocoa paste not defatted,662,Cocoa powder and cake,665
Crop,Other crop,Cocoa Beans and products,"Cocoa, beans",3,"Cocoa butter, fat and oil",664,Chocolate products nes,666
Crop,Other crop,Cocoa Beans and products,"Cocoa, beans",3,Cocoa powder and cake,665,Chocolate products nes,666
Crop,Other crop,Other crops and products,MiscCropNES,0,Tea leaves,667,Tea leaves,667
Crop,Other crop,Other crops and products,MiscCropNES,0,Mate leaves,671,Mate leaves,671
Crop,Other crop,Other crops and products,MiscCropNES,0,"Pepper (Piper spp.), raw",687,"Pepper (Piper spp.), raw",687
Crop,Other crop,Other crops and products,MiscCropNES,0,"Cloves (whole stems), raw",698,"Cloves (whole stems), raw",698
Crop,Other crop,Other crops and products,MiscCropNES,0,"Nutmeg, mace, cardamoms, raw",702,"Nutmeg, mace, cardamoms, raw",702
Crop,Other crop,Other crops and products,MiscCropNES,0,"Anise, badian, coriander, cumin, caraway, fennel and juniper berries, raw",711,"Anise, badian, coriander, cumin, caraway, fennel and juniper berries, raw",711
Crop,Other crop,Other crops and products,MiscCropNES,0,"Cinnamon and cinnamon-tree flowers, raw",693,"Cinnamon and cinnamon-tree flowers, raw",693
Crop,Other crop,Other crops and products,MiscCropNES,0,"Ginger, raw",720,"Ginger, raw",720
Crop,Other crop,Other crops and products,MiscCropNES,0,"Vanilla, raw",692,"Vanilla, raw",692
Crop,Other crop,Other crops and products,MiscCropNES,0,"Other stimulant, spice and aromatic crops, n.e.c.",723,"Other stimulant, spice and aromatic crops, n.e.c.",723
Crop,Other crop,Other crops and products,MiscCropNES,0,"Peppermint, spearmint",748,"Peppermint, spearmint",748
Crop,Other crop,Other crops and products,MiscCropNES,0,Hop cones,677,Hop cones,677
Crop,Other crop,Other crops and products,MiscCropNES,0,Unmanufactured tobacco,826,Unmanufactured tobacco,826
Crop,Other crop,Other crops and products,MiscCropNES,0,Natural rubber in primary forms,836,Natural rubber in primary forms,836
Crop,Other crop,Other crops and products,MiscCropNES,0,"Pyrethrum, dried flowers",754,"Pyrethrum, dried flowers",754
Livestock,Other livestock,Livestock meat equivalent,BeefAnMeatEq,0,"AnMeatEq, cattle",8670000,"AnMeatEq, cattle",8670000
Livestock,Other livestock,Livestock meat equivalent,BeefAnMeatEq,0,"AnMeatEq, buffalo",9470000,"AnMeatEq, buffalo",9470000
Livestock,Ruminant meat,Bovine meat and products,Beef,1,"Meat of cattle with the bone, fresh or chilled",867,"Bovine meat, salted, dried or smoked",872
Livestock,Ruminant meat,Bovine meat and products,Beef,1,"Meat of cattle with the bone, fresh or chilled",867,"Extracts and juices of meat, fish, crustaceans, molluscs or other aquatic invertebrates",873
Livestock,Ruminant meat,Bovine meat and products,Beef,1,"Meat of cattle with the bone, fresh or chilled",867,"Meat of cattle boneless, fresh or chilled",870
Livestock,Ruminant meat,Bovine meat and products,Beef,1,"Meat of cattle with the bone, fresh or chilled",867,"Sausages and similar products of meat, offal or blood of beef and veal",874
Livestock,Ruminant meat,Bovine meat and products,Beef,1,"Meat of cattle with the bone, fresh or chilled",867,Homogenized meat preparations,877
Livestock,Ruminant meat,Bovine meat and products,Beef,1,"Meat of cattle with the bone, fresh or chilled",867,beef and veal preparations nes,875
Livestock,Ruminant meat,Bovine meat and products,Beef,1,"Meat of cattle with the bone, fresh or chilled",867,"Cattle, butcher fat",871
Livestock,Ruminant meat,Bovine meat and products,Beef,1,"Meat of buffalo, fresh or chilled",947,"Bovine meat, salted, dried or smoked",872
Livestock,Ruminant meat,Bovine meat and products,Beef,1,"Meat of buffalo, fresh or chilled",947,"Extracts and juices of meat, fish, crustaceans, molluscs or other aquatic invertebrates",873
Livestock,Ruminant meat,Bovine meat and products,Beef,1,"Meat of buffalo, fresh or chilled",947,"Meat of cattle boneless, fresh or chilled",870
Livestock,Ruminant meat,Bovine meat and products,Beef,1,"Meat of buffalo, fresh or chilled",947,"Sausages and similar products of meat, offal or blood of beef and veal",874
Livestock,Ruminant meat,Bovine meat and products,Beef,1,"Meat of buffalo, fresh or chilled",947,Homogenized meat preparations,877
Livestock,Ruminant meat,Bovine meat and products,Beef,1,"Meat of buffalo, fresh or chilled",947,beef and veal preparations nes,875
Livestock,Ruminant meat,Bovine meat and products,Beef,1,"Meat of buffalo, fresh or chilled",947,"Cattle, butcher fat",871
Livestock,Ruminant meat,Bovine meat and products,Beef,2,"Cattle, butcher fat",871,Tallow,1225
Livestock,Dairy,Milk and products,"Milk, whole fresh cow",1,Raw milk of cattle,882,Skim milk of cows,888
Livestock,Dairy,Milk and products,"Milk, whole fresh cow",1,Raw milk of cattle,882,Whole milk powder,897
Livestock,Dairy,Milk and products,"Milk, whole fresh cow",1,Raw milk of cattle,882,"Whole milk, evaporated",894
Livestock,Dairy,Milk and products,"Milk, whole fresh cow",1,Raw milk of cattle,882,"Whole milk, condensed",889
Livestock,Dairy,Milk and products,"Milk, whole fresh cow",1,Raw milk of cattle,882,Yoghurt,891
Livestock,Dairy,Milk and products,"Milk, whole fresh cow",1,Raw milk of cattle,882,"Whey, fresh",903
Livestock,Dairy,Milk and products,"Milk, whole fresh cow",1,Raw milk of cattle,882,Cheese from whole cow milk,901
Livestock,Dairy,Milk and products,"Milk, whole fresh cow",1,Raw milk of cattle,882,"Cream, fresh",885
Livestock,Dairy,Milk and products,"Milk, whole fresh cow",1,Raw milk of cattle,882,Butter of cow milk,886
Livestock,Dairy,Milk and products,"Milk, whole fresh cow",1,Raw milk of cattle,882,Ghee from cow milk,887
Livestock,Dairy,Milk and products,"Milk, whole fresh cow",2,"Cream, fresh",885,Ice cream and other edible ice,910
Livestock,Dairy,Milk and products,"Milk, whole fresh cow",2,"Cream, fresh",885,Processed cheese,907
Livestock,Dairy,Milk and products,"Milk, whole fresh cow",3,Skim milk of cows,888,Cheese from skimmed cow milk,904
Livestock,Dairy,Milk and products,"Milk, whole fresh cow",3,Skim milk of cows,888,"Skim milk, condensed",896
Livestock,Dairy,Milk and products,"Milk, whole fresh cow",3,Skim milk of cows,888,"Skim milk, evaporated",895
Livestock,Dairy,Milk and products,"Milk, whole fresh cow",3,Skim milk of cows,888,Skim milk and whey powder,898
Livestock,Dairy,Milk and products,"Milk, whole fresh cow",3,Skim milk of cows,888,"Buttermilk, dry",899
Livestock,Dairy,Milk and products,"Milk, whole fresh cow",3,Skim milk of cows,888,Casein,917
Livestock,Dairy,Milk and products,"Milk, whole fresh camel",0,Raw milk of camel,1130,Raw milk of camel,1130
Livestock,Dairy,Milk and products,"Milk, whole fresh buffalo",1,Raw milk of buffalo,951,Ghee from buffalo milk,953
Livestock,Dairy,Milk and products,"Milk, whole fresh buffalo",1,Raw milk of buffalo,951,Butter of buffalo milk,952
Livestock,Dairy,Milk and products,"Milk, whole fresh buffalo",1,Raw milk of buffalo,951,"Cheese from milk of buffalo, fresh or processed",955
Livestock,Dairy,Milk and products,"Milk, whole fresh buffalo",1,Raw milk of buffalo,951,Skim milk of buffalo,954
Livestock,Dairy,Milk and products,"Milk, whole fresh goat",1,Raw milk of goats,1020,Butter of goat milk,1022
Livestock,Dairy,Milk and products,"Milk, whole fresh goat",1,Raw milk of goats,1020,"Cheese from milk of goats, fresh or processed",1021
Livestock,Dairy,Milk and products,"Milk, whole fresh goat",1,Raw milk of goats,1020,Skim milk of goat,1023
Livestock,Dairy,Milk and products,"Milk, whole fresh sheep",1,Raw milk of sheep,982,Butter and ghee of sheep milk,983
Livestock,Dairy,Milk and products,"Milk, whole fresh sheep",1,Raw milk of sheep,982,"Cheese from milk of sheep, fresh or processed",984
Livestock,Dairy,Milk and products,"Milk, whole fresh sheep",1,Raw milk of sheep,982,Skim sheep milk,985
Livestock,Other,Livestock meat equivalent,PorkAnMeatEq,0,"AnMeatEq, pig",10350000,"AnMeatEq, pig",10350000
Livestock,Nonruminant,"Pigmeat, fats and products",Pork,1,"Meat of pig with the bone, fresh or chilled",1035,"Meat of pig boneless, fresh or chilled",1038
Livestock,Nonruminant,"Pigmeat, fats and products",Pork,1,"Meat of pig with the bone, fresh or chilled",1035,"Sausages and similar products of meat, offal or blood of pig",1041
Livestock,Nonruminant,"Pigmeat, fats and products",Pork,1,"Meat of pig with the bone, fresh or chilled",1035,Pig meat preparations,1042
Livestock,Nonruminant,"Pigmeat, fats and products",Pork,1,"Meat of pig with the bone, fresh or chilled",1035,"Pig meat, cuts, salted, dried or smoked (bacon and ham)",1039
Livestock,Nonruminant,"Pigmeat, fats and products",Pork,1,"Meat of pig with the bone, fresh or chilled",1035,"Pig, butcher fat",1040
Livestock,Nonruminant,"Pigmeat, fats and products",Pork,2,"Pig, butcher fat",1040,Lard stearine and lard oil,1221
Livestock,Nonruminant,"Pigmeat, fats and products",Pork,2,"Pig, butcher fat",1040,"Pig fat, rendered",1043
Livestock,Other livestock,Livestock meat equivalent,PoultryAnMeatEq,0,"AnMeatEq, duck",10690000,"AnMeatEq, duck",10690000
Livestock,Other livestock,Livestock meat equivalent,PoultryAnMeatEq,0,"AnMeatEq, chicken",10580000,"AnMeatEq, chicken",10580000
Livestock,Other livestock,Livestock meat equivalent,PoultryAnMeatEq,0,"AnMeatEq, goose and guinea fowl",10730000,"AnMeatEq, goose and guinea fowl",10730000
Livestock,Other livestock,Livestock meat equivalent,PoultryAnMeatEq,0,"AnMeatEq, turkey",10800000,"AnMeatEq, turkey",10800000
Livestock,Nonruminant,"Poultry meat, fats and products",PoultryMeat,0,"Meat of ducks, fresh or chilled",1069,"Meat of ducks, fresh or chilled",1069
Livestock,Nonruminant,"Poultry meat, fats and products",PoultryMeat,0,"Meat of geese, fresh or chilled",1073,"Meat of geese, fresh or chilled",1073
Livestock,Nonruminant,"Poultry meat, fats and products",PoultryMeat,0,"Meat of turkeys, fresh or chilled",1080,"Meat of turkeys, fresh or chilled",1080
Livestock,Nonruminant,"Poultry meat, fats and products",PoultryMeat,1,"Meat of chickens, fresh or chilled",1058,Fatty liver preparations,1060
Livestock,Nonruminant,"Poultry meat, fats and products",PoultryMeat,1,"Meat of chickens, fresh or chilled",1058,Poultry meat preparations,1061
Livestock,Nonruminant,"Poultry meat, fats and products",PoultryMeat,1,"Meat of chickens, fresh or chilled",1058,Fat of poultry,1065
Livestock,Nonruminant,"Poultry meat, fats and products",PoultryMeat,2,Fat of poultry,1065,"Poultry fat, rendered",1066
Livestock,Nonruminant,Eggs and products,PoultryEgg,0,"Eggs from other birds in shell, fresh, n.e.c.",1091,"Eggs from other birds in shell, fresh, n.e.c.",1091
Livestock,Nonruminant,Eggs and products,PoultryEgg,1,"Hen eggs in shell, fresh",1062,Egg albumin,916
Livestock,Nonruminant,Eggs and products,PoultryEgg,1,"Hen eggs in shell, fresh",1062,"Eggs, liquid",1063
Livestock,Nonruminant,Eggs and products,PoultryEgg,1,"Hen eggs in shell, fresh",1062,"Eggs, dried",1064
Livestock,Other livestock,Livestock meat equivalent,SheepGoatAnMeatEq,0,"AnMeatEq, sheep",9770000,"AnMeatEq, sheep",9770000
Livestock,Other livestock,Livestock meat equivalent,SheepGoatAnMeatEq,0,"AnMeatEq, goat",10170000,"AnMeatEq, goat",10170000
Livestock,Ruminant meat,"Mutton, goat meat and products",SheepGoat,0,"Meat of sheep, fresh or chilled",977,"Meat of sheep, fresh or chilled",977
Livestock,Ruminant meat,"Mutton, goat meat and products",SheepGoat,0,"Meat of goat, fresh or chilled",1017,"Meat of goat, fresh or chilled",1017
Livestock,Fish,Fish and products,Freshwater Fish,0,Freshwater Fish,2761,Freshwater Fish,2761
Livestock,Fish,Fish and products,"Fish, Body Oil",0,"Fish, Body Oil",2781,"Fish, Body Oil",2781
Livestock,Fish,Fish and products,"Fish, Liver Oil",0,"Fish, Liver Oil",2782,"Fish, Liver Oil",2782
Livestock,Fish,Fish and products,Demersal Fish,0,Demersal Fish,2762,Demersal Fish,2762
Livestock,Fish,Fish and products,Pelagic Fish,0,Pelagic Fish,2763,Pelagic Fish,2763
Livestock,Fish,Fish and products,"Marine Fish, Other",0,"Marine Fish, Other",2764,"Marine Fish, Other",2764
Livestock,Fish,Fish and products,Crustaceans,0,Crustaceans,2765,Crustaceans,2765
Livestock,Fish,Fish and products,Cephalopods,0,Cephalopods,2766,Cephalopods,2766
Livestock,Fish,Fish and products,"Molluscs, Other",0,"Molluscs, Other",2767,"Molluscs, Other",2767
Livestock,Fish,Fish and products,"Aquatic Animals, Others",0,"Aquatic Animals, Others",2769,"Aquatic Animals, Others",2769
Livestock,Fish,Fish and products,Aquatic Plants,0,Aquatic Plants,2775,Aquatic Plants,2775
Livestock,Fish,Fish and products,"Meat, Aquatic Mammals",0,"Meat, Aquatic Mammals",2768,"Meat, Aquatic Mammals",2768
Livestock,Other livestock,Livestock meat equivalent,OtherMeatAnMeatEq,0,"AnMeatEq, rabbit",11410000,"AnMeatEq, rabbit",11410000
Livestock,Other livestock,Livestock meat equivalent,OtherMeatAnMeatEq,0,"AnMeatEq, camel",11270000,"AnMeatEq, camel",11270000
Livestock,Other livestock,Livestock meat equivalent,OtherMeatAnMeatEq,0,"AnMeatEq, other camelids",11580000,"AnMeatEq, other camelids",11580000
Livestock,Other livestock,Livestock meat equivalent,OtherMeatAnMeatEq,0,"AnMeatEq, horse",10970000,"AnMeatEq, horse",10970000
Livestock,Other livestock,Livestock meat equivalent,OtherMeatAnMeatEq,0,"AnMeatEq, ass",11080000,"AnMeatEq, ass",11080000
Livestock,Other livestock,Livestock meat equivalent,OtherMeatAnMeatEq,0,"AnMeatEq, mule",11110000,"AnMeatEq, mule",11110000
Livestock,Other livestock,Livestock meat equivalent,OtherMeatAnMeatEq,0,"AnMeatEq, other rodents",11510000,"AnMeatEq, other rodents",11510000
Livestock,Other livestock,Other meat and products,OtherMeatOther,0,"Snails, fresh, chilled, frozen, dried, salted or in brine, except sea snails",1176,"Snails, fresh, chilled, frozen, dried, salted or in brine, except sea snails",1176
Livestock,Other livestock,Other meat and products,OtherMeatMeat,1,"Meat of rabbits and hares, fresh or chilled",1141,Meat prepared n.e.c.,1172
Livestock,Other livestock,Other meat and products,OtherMeatMeat,1,"Meat of camels, fresh or chilled",1127,Meat prepared n.e.c.,1172
Livestock,Other livestock,Other meat and products,OtherMeatMeat,1,"Meat of other domestic camelids, fresh or chilled",1158,Meat prepared n.e.c.,1172
Livestock,Other livestock,Other meat and products,OtherMeatMeat,1,"Horse meat, fresh or chilled",1097,Meat prepared n.e.c.,1172
Livestock,Other livestock,Other meat and products,OtherMeatMeat,1,"Meat of asses, fresh or chilled",1108,Meat prepared n.e.c.,1172
Livestock,Other livestock,Other meat and products,OtherMeatMeat,1,"Meat of mules, fresh or chilled",1111,Meat prepared n.e.c.,1172
Livestock,Other livestock,Other meat and products,OtherMeatMeat,1,"Meat of other domestic rodents, fresh or chilled",1151,Meat prepared n.e.c.,1172
Livestock,Other livestock,Other meat and products,OtherMeatMeat,1,"Meat of pigeons and other birds n.e.c., fresh, chilled or frozen",1089,Meat prepared n.e.c.,1172
Livestock,Other livestock,Other meat and products,OtherMeatMeat,1,"Game meat, fresh, chilled or frozen",1163,Meat prepared n.e.c.,1172
Livestock,Other livestock,Other meat and products,OtherMeatMeat,1,"Other meat n.e.c. (excluding mammals), fresh, chilled or frozen",1166,Meat prepared n.e.c.,1172
Livestock,Other livestock,Other meat and products,OtherMeatMeat,1,"Meat of rabbits and hares, fresh or chilled",1141,"Other meat and edible meat offal, salted, in brine, dried or smoked; edible flours and meals of meat or meat offal",1164
Livestock,Other livestock,Other meat and products,OtherMeatMeat,1,"Meat of camels, fresh or chilled",1127,"Other meat and edible meat offal, salted, in brine, dried or smoked; edible flours and meals of meat or meat offal",1164
Livestock,Other livestock,Other meat and products,OtherMeatMeat,1,"Meat of other domestic camelids, fresh or chilled",1158,"Other meat and edible meat offal, salted, in brine, dried or smoked; edible flours and meals of meat or meat offal",1164
Livestock,Other livestock,Other meat and products,OtherMeatMeat,1,"Horse meat, fresh or chilled",1097,"Other meat and edible meat offal, salted, in brine, dried or smoked; edible flours and meals of meat or meat offal",1164
Livestock,Other livestock,Other meat and products,OtherMeatMeat,1,"Meat of asses, fresh or chilled",1108,"Other meat and edible meat offal, salted, in brine, dried or smoked; edible flours and meals of meat or meat offal",1164
Livestock,Other livestock,Other meat and products,OtherMeatMeat,1,"Meat of mules, fresh or chilled",1111,"Other meat and edible meat offal, salted, in brine, dried or smoked; edible flours and meals of meat or meat offal",1164
Livestock,Other livestock,Other meat and products,OtherMeatMeat,1,"Meat of other domestic rodents, fresh or chilled",1151,"Other meat and edible meat offal, salted, in brine, dried or smoked; edible flours and meals of meat or meat offal",1164
Livestock,Other livestock,Other meat and products,OtherMeatMeat,1,"Meat of pigeons and other birds n.e.c., fresh, chilled or frozen",1089,"Other meat and edible meat offal, salted, in brine, dried or smoked; edible flours and meals of meat or meat offal",1164
Livestock,Other livestock,Other meat and products,OtherMeatMeat,1,"Game meat, fresh, chilled or frozen",1163,"Other meat and edible meat offal, salted, in brine, dried or smoked; edible flours and meals of meat or meat offal",1164
Livestock,Other livestock,Other meat and products,OtherMeatMeat,1,"Other meat n.e.c. (excluding mammals), fresh, chilled or frozen",1166,"Other meat and edible meat offal, salted, in brine, dried or smoked; edible flours and meals of meat or meat offal",1164
Livestock,Other livestock,Offals and products,OtherMeatOffals,0,"Edible offal of cattle, fresh, chilled or frozen",868,"Edible offal of cattle, fresh, chilled or frozen",868
Livestock,Other livestock,Offals and products,OtherMeatOffals,0,"Edible offal of buffalo, fresh, chilled or frozen",948,"Edible offal of buffalo, fresh, chilled or frozen",948
Livestock,Other livestock,Offals and products,OtherMeatOffals,0,"Edible offal of pigs, fresh, chilled or frozen",1036,"Edible offal of pigs, fresh, chilled or frozen",1036
Livestock,Other livestock,Offals and products,OtherMeatOffals,0,"Edible offal of sheep, fresh, chilled or frozen",978,"Edible offal of sheep, fresh, chilled or frozen",978
Livestock,Other livestock,Offals and products,OtherMeatOffals,0,"Edible offal of goat, fresh, chilled or frozen",1018,"Edible offal of goat, fresh, chilled or frozen",1018
Livestock,Other livestock,Offals and products,OtherMeatOffals,0,"Edible offals of horses and other equines,  fresh, chilled or frozen",1098,"Edible offals of horses and other equines,  fresh, chilled or frozen",1098
Livestock,Other livestock,Offals and products,OtherMeatOffals,0,"Edible offals of camels and other camelids, fresh, chilled or frozen",1128,"Edible offals of camels and other camelids, fresh, chilled or frozen",1128
Livestock,Other livestock,Offals and products,OtherMeatOffals,0,"Edible offals and liver of chickens and guinea fowl, fresh, chilled or frozen",1059,"Edible offals and liver of chickens and guinea fowl, fresh, chilled or frozen",1059
Livestock,Other livestock,Offals and products,OtherMeatOffals,0,"Edible offals and liver of geese, fresh, chilled or frozen",1074,"Edible offals and liver of geese, fresh, chilled or frozen",1074
Livestock,Other livestock,Offals and products,OtherMeatOffals,0,"Edible offals and liver of ducks, fresh, chilled or frozen",1075,"Edible offals and liver of ducks, fresh, chilled or frozen",1075
Livestock,Other livestock,Offals and products,OtherMeatOffals,0,"Edible offals and liver of turkey, fresh, chilled or frozen",1081,"Edible offals and liver of turkey, fresh, chilled or frozen",1081
Livestock,Other livestock,Offals and products,OtherMeatOffals,0,"Offals n.e.c. (excluding mammals), fresh, chilled or frozen",1167,"Offals n.e.c. (excluding mammals), fresh, chilled or frozen",1167
Livestock,Other livestock,Offals and products,OtherMeatOffals,0,Liver preparations,878,Liver preparations,878
Livestock,Other livestock,Fat and products,OtherMeatFat,0,"Cattle fat, unrendered",869,"Cattle fat, unrendered",869
Livestock,Other livestock,Fat and products,OtherMeatFat,0,"Buffalo fat, unrendered",949,"Buffalo fat, unrendered",949
Livestock,Other livestock,Fat and products,OtherMeatFat,0,"Sheep fat, unrendered",979,"Sheep fat, unrendered",979
Livestock,Other livestock,Fat and products,OtherMeatFat,0,"Goat fat, unrendered",1019,"Goat fat, unrendered",1019
Livestock,Other livestock,Fat and products,OtherMeatFat,0,Fat of pigs,1037,Fat of pigs,1037
Livestock,Other livestock,Fat and products,OtherMeatFat,0,Fat of camels,1129,Fat of camels,1129
Livestock,Other livestock,Fat and products,OtherMeatFat,0,Fat of other camelids,1160,Fat of other camelids,1160
Livestock,Other livestock,Fat and products,OtherMeatFat,0,Animal oils and fats n.e.c.,1168,Animal oils and fats n.e.c.,1168
Livestock,Other livestock,Fat and products,OtherMeatFat,0,Degras,1222,Degras,1222
Livestock,Other livestock,Fat and products,OtherMeatFat,0,Wool grease and lanolin,994,Wool grease and lanolin,994
Livestock,Other livestock,Fat and products,OtherMeatFat,0,Fat preparations n.e.c.,1243,Fat preparations n.e.c.,1243
Livestock,Other livestock,Honey and products,Honey and products,0,Natural honey,1182,Natural honey,1182
Other processed,NEC,NEC,"Beverages, fermented wheat",0,Wheat-fermented beverages,26,Wheat-fermented beverages,26
Other processed,NEC,NEC,"Beverages, fermented rice",0,Rice-fermented beverages,39,Rice-fermented beverages,39
Other processed,NEC,NEC,Beer of maize,0,"Beer of maize, malted",66,"Beer of maize, malted",66
Other processed,NEC,NEC,Beer of millet,0,"Beer of millet, malted",82,"Beer of millet, malted",82
Other processed,NEC,NEC,Beer of sorghum,0,"Beer of sorghum, malted",86,"Beer of sorghum, malted",86
Other processed,NEC,NEC,Infant food,0,Infant food,109,Infant food,109
Other processed,NEC,NEC,Fructose chemically pure,0,"Fructose, chemically pure",154,"Fructose, chemically pure",154
Other processed,NEC,NEC,Maltose chemically pure,0,"Maltose, chemically pure",155,"Maltose, chemically pure",155
Other processed,NEC,NEC,Maple sugar and syrups,0,"Refined cane or beet sugar, in solid form, containing added flavouring or colouring matter; maple sugar and maple syrup",160,"Refined cane or beet sugar, in solid form, containing added flavouring or colouring matter; maple sugar and maple syrup",160
Other processed,NEC,NEC,"Fructose and syrup, other",0,Other fructose and syrup,166,Other fructose and syrup,166
Other processed,NEC,NEC,Glucose and dextrose,0,Glucose and dextrose,172,Glucose and dextrose,172
Other processed,NEC,NEC,Lactose,0,Lactose,173,Lactose,173
Other processed,NEC,NEC,Isoglucose,0,Isoglucose,175,Isoglucose,175
Other processed,NEC,NEC,"Cake, others",0,"Cake, oilseeds nes",341,"Cake, oilseeds nes",341
Other processed,NEC,NEC,Cider etc,0,Cider and other fermented beverages,517,Cider and other fermented beverages,517
Other processed,NEC,NEC,Wine,0,Wine,564,Wine,564
Other processed,NEC,NEC,Vermouths & similar,0,Vermouth and other wine of fresh grapes flavoured with plats or aromatic substances,565,Vermouth and other wine of fresh grapes flavoured with plats or aromatic substances,565
Other processed,NEC,NEC,Alcohol non food,0,Undenatured ethyl alcohol of an alcoholic strength by volume of 80% vol or higher,632,Undenatured ethyl alcohol of an alcoholic strength by volume of 80% vol or higher,632
Other processed,NEC,NEC,"Beverages, distilled alcoholic",0,"Undenatured ethyl alcohol of an alcoholic strength by volume of less than 80% vol; spirits, liqueurs and other spirituous beverages",634,"Undenatured ethyl alcohol of an alcoholic strength by volume of less than 80% vol; spirits, liqueurs and other spirituous beverages",634
Other processed,NEC,NEC,"Tea, mate extracts",0,"Extracts, essences and concentrates of tea or mate, and preparations with a basis thereof or with a basis of tea or mate",672,"Extracts, essences and concentrates of tea or mate, and preparations with a basis thereof or with a basis of tea or mate",672
Other processed,NEC,NEC,"Gums, natural",0,"Balata, gutta-percha, guayule, chicle and similar natural gums in primary forms or in plates, sheets or strip",839,"Balata, gutta-percha, guayule, chicle and similar natural gums in primary forms or in plates, sheets or strip",839
Other processed,NEC,NEC,"Whey, condensed",0,"Whey, condensed",890,"Whey, condensed",890
Other processed,NEC,NEC,"Yoghurt, concentrated or not",0,"Yoghurt, with additives",892,"Yoghurt, with additives",892
Other processed,NEC,NEC,"Buttermilk, curdled, acidified milk",0,"Buttermilk, curdled and acidified milk",893,"Buttermilk, curdled and acidified milk",893
Other processed,NEC,NEC,"Whey, dry",0,"Whey, dry",900,"Whey, dry",900
Other processed,NEC,NEC,"Whey, cheese",0,Whey cheese,905,Whey cheese,905
Other processed,NEC,NEC,"Milk, products of natural constituents nes",0,Dairy products n.e.c.,909,Dairy products n.e.c.,909
Other processed,NEC,NEC,"Hides, cattle, fresh",0,Raw hides and skins of cattle,919,Raw hides and skins of cattle,919
Other processed,NEC,NEC,"Hides, buffalo, fresh",0,Raw hides and skins of buffaloes,957,Raw hides and skins of buffaloes,957
Other processed,NEC,NEC,"Wool, greasy",0,"Shorn wool, greasy, including fleece-washed shorn wool",987,"Shorn wool, greasy, including fleece-washed shorn wool",987
Other processed,NEC,NEC,"Skins, sheep, fresh",0,Raw hides and skins of sheep or lambs,995,Raw hides and skins of sheep or lambs,995
Other processed,NEC,NEC,"Skins, goat, fresh",0,Raw hides and skins of goats or kids,1025,Raw hides and skins of goats or kids,1025
Other processed,NEC,NEC,Beeswax,0,Beeswax,1183,Beeswax,1183
Other processed,NEC,NEC,"Silk-worm cocoons, reelable",0,Silk-worm cocoons suitable for reeling,1185,Silk-worm cocoons suitable for reeling,1185
Other processed,NEC,NEC,"Silk, raw",0,Raw silk (not thrown),1186,Raw silk (not thrown),1186
Other processed,NEC,NEC,Food prep nes,0,Food preparations n.e.c.,1232,Food preparations n.e.c.,1232
Other processed,NEC,NEC,"Margarine, liquid",0,Liquid margarine,1241,Liquid margarine,1241
Other processed,NEC,NEC,"Margarine, short",0,Margarine and shortening,1242,Margarine and shortening,1242
Other processed,NEC,NEC,"Oil, boiled etc",0,"Animal or vegetable fats and oils and their fractions, chemically modified, except those hydrogenated, inter-esterified, re-esterified or elaidinized; inedible mixtures or preparations of animal or vegetable fats or oils",1274,"Animal or vegetable fats and oils and their fractions, chemically modified, except those hydrogenated, inter-esterified, re-esterified or elaidinized; inedible mixtures or preparations of animal or vegetable fats or oils",1274
Other processed,NEC,NEC,"Oil, hydrogenated",0,hydrogenated oils and fats,1275,hydrogenated oils and fats,1275
Other processed,NEC,NEC,Fatty acids,0,Industrial monocarboxylic fatty acids; acid oils from refining,1276,Industrial monocarboxylic fatty acids; acid oils from refining,1276
Other processed,NEC,NEC,Fatty substance residues,0,Residues of fatty substances,1277,Residues of fatty substances,1277
Other processed,NEC,NEC,"Vegetable products, fresh or dry n.e.c.",0,"Vegetable products, fresh or dry n.e.c.",460,"Vegetable products, fresh or dry n.e.c.",460
Other processed,NEC,NEC,Mango pulp,0,Mango pulp,584,Mango pulp,584
Other processed,NEC,NEC,Other non-alcoholic caloric beverages,0,Other non-alcoholic caloric beverages,633,Other non-alcoholic caloric beverages,633
Other processed,NEC,NEC,Cocoa husks and shells,0,Cocoa husks and shells,663,Cocoa husks and shells,663
Other processed,NEC,NEC,"Green tea (not fermented), black tea (fermented) and partly fermented tea, in immediate packings of a content not exceeding 3 kg",0,"Green tea (not fermented), black tea (fermented) and partly fermented tea, in immediate packings of a content not exceeding 3 kg",675,"Green tea (not fermented), black tea (fermented) and partly fermented tea, in immediate packings of a content not exceeding 3 kg",675
Other processed,NEC,NEC,Standardized milk,0,Standardized milk,883,Standardized milk,883
